premise_type,hypothesis_type,label,type_of_class,classes
Conceptually cream skimming has two basic dimensions - product and geography.,Product and geography are what make cream skimming work. ,neutral,entailment,"['entailment', 'neutral']"
you know during the season and i guess at at your level uh you lose them to the next level if if they decide to recall the the parent team the Braves decide to call to recall a guy from triple A then a double A guy goes up to replace him and a single A guy goes up to replace him,You lose the things to the following level if the people recall.,entailment,entailment,"['entailment', 'neutral']"
One of our number will carry out your instructions minutely.,A member of my team will execute your orders with immense precision.,entailment,entailment,"['entailment', 'neutral']"
How do you know? All this is their information again.,This information belongs to them.,entailment,entailment,"['entailment', 'neutral']"
yeah i tell you what though if you go price some of those tennis shoes i can see why now you know they're getting up in the hundred dollar range,The tennis shoes have a range of prices.,neutral,entailment,"['entailment', 'neutral']"
my walkman broke so i'm upset now i just have to turn the stereo up real loud,I'm upset that my walkman broke and now I have to turn the stereo up really loud.,entailment,entailment,"['entailment', 'neutral']"
"But a few Christian mosaics survive above the apse is the Virgin with the infant Jesus, with the Archangel Gabriel to the right (his companion Michael, to the left, has vanished save for a few feathers from his wings).",Most of the Christian mosaics were destroyed by Muslims.  ,neutral,entailment,"['entailment', 'neutral']"
(Read  for Slate 's take on Jackson's findings.),Slate had an opinion on Jackson's findings.,entailment,entailment,"['entailment', 'neutral']"
Gays and lesbians.,Heterosexuals.,2,entailment,"['entailment', 'neutral']"
"At the end of Rue des Francs-Bourgeois is what many consider to be the city's most handsome residential square, the Place des Vosges, with its stone and red brick facades.",Place des Vosges is constructed entirely of gray marble.,2,entailment,"['entailment', 'neutral']"
"I burst through a set of cabin doors, and fell to the ground-",I burst through the doors and fell down.,entailment,entailment,"['entailment', 'neutral']"
Fun for adults and children.,Fun for only children.,2,entailment,"['entailment', 'neutral']"
It's not that the questions they asked weren't interesting or legitimate (though most did fall under the category of already asked and answered).,All of the questions were interesting according to a focus group consulted on the subject.,neutral,entailment,"['entailment', 'neutral']"
"Thebes held onto power until the 12th Dynasty, when its first king, Amenemhet Iwho reigned between 1980 1951 b.c. established a capital near Memphis.",The capital near Memphis lasted only half a century before its inhabitants abandoned it for the next capital. ,neutral,entailment,"['entailment', 'neutral']"
"I don't mean to be glib about your concerns, but if I were you, I might be more concerned about the near-term rate implications of this $1.",I am concerned more about your issues than the near-term rate implications.,2,entailment,"['entailment', 'neutral']"
Issues in Data Synthesis.,Problems in data synthesis.,entailment,entailment,"['entailment', 'neutral']"
well you see that on television also,"You can see that on television, as well.",entailment,entailment,"['entailment', 'neutral']"
Vrenna and I both fought him and he nearly took us.,Neither Vrenna nor myself have ever fought him.,2,entailment,"['entailment', 'neutral']"
This analysis pooled estimates from these two studies to develop a C-R function linking PM to chronic bronchitis.,The analysis proves that there is no link between PM and bronchitis.,2,entailment,"['entailment', 'neutral']"
He turned and smiled at Vrenna.,He smiled at Vrenna who was walking slowly behind him with her mother.,neutral,entailment,"['entailment', 'neutral']"
We sought to identify practices that were commonly implemented by the agencies within the past 5 years.,We want to identify practices commonly used by agencies in the last 5 years,entailment,entailment,"['entailment', 'neutral']"
The other men shuffled.,The other men were shuffled around.,entailment,entailment,"['entailment', 'neutral']"
States must show reasonable progress in their state implementation plans toward the congressionally mandated goal of returning to natural conditions in national parks and wilderness areas.,Itis not necessary for there to be any improvement.,2,entailment,"['entailment', 'neutral']"
well it's been very interesting,It has been very intriguing.,entailment,entailment,"['entailment', 'neutral']"
He started slowly back to the bunkhouse.,He returned slowly to the bunkhouse.,entailment,entailment,"['entailment', 'neutral']"
and it's it's quite a bit i think six something is the state and and uh the rest of the pie goes elsewhere but we're in a particular part of the state that's pretty well off so it's it's like we get a lot of that back as far as local taxation goes,I do not know exactly where the local taxes go.,neutral,entailment,"['entailment', 'neutral']"
"They're made from a secret recipe handed down to the present-day villagers by their Mallorcan ancestors, who came here in the early 17th century as part of an official repopulation scheme.",The recipe passed down from Mallorcan ancestors is known to everyone.,2,entailment,"['entailment', 'neutral']"
yeah well you're a student right,Well you're a mechanics student right?,neutral,entailment,"['entailment', 'neutral']"
it really is i heard something that their supposed to be starting a huge campaign in New York about um child abuse and stopping child abuse and it's supposed to be like it's starting there supposed to be like a big nationwide campaign and you know so hopefully that will take off and really do something i don't know there's just,It's unfortunate that nobody is organizing a child abuse campaign.,2,entailment,"['entailment', 'neutral']"
Postal Service were to reduce delivery frequency.,The postal service could deliver less frequently.,entailment,entailment,"['entailment', 'neutral']"
"And in another shift in the economy, it was found that lamb could be raised more cost-effectively on lowland farms in part because of the richer, more nutritious grazing land available there and as a result Lakeland farms became less profitable.",Another shift in the economy was found to be more nutritious.,entailment,entailment,"['entailment', 'neutral']"
The rule contains information collection requirements which will allow EPA to determine that detergent additives which are effective in controlling deposits are used and that emission control goals are realized.,The rule has data collection requirements which aid the EPA to realize their emission control goals.,entailment,entailment,"['entailment', 'neutral']"
"Almost every hill has to the northeast there's a Moorish fort; no fewer than four ruined fortresses guard the harbour entrance; and two more, still in good repair the Atalaya and Galeras castles protect the sea-front arsenal, of vital importance to Spain's military.",There are no castles Atalaya and Galeras.,2,entailment,"['entailment', 'neutral']"
Were they in there?,Were they supposed to be in there?,neutral,entailment,"['entailment', 'neutral']"
"Felicia's Journey takes place behind the eyes of its central  a young Irish girl, Felicia, who crosses the sea to England in a hopeful quest to find the father of her unborn child; and the fat, middle-aged catering manager, Hiditch, who takes a paternal interest in the lass when it becomes clear that her young man has caddishly given her the slip.",The woman did not care where the man was as long as it was far.,2,entailment,"['entailment', 'neutral']"
"In the crypt are interred the remains of Voltaire and Rousseau, Hugo and Zola, assassinated Socialist leader Jean Jaurys, and Louis Braille, the inventor of the alphabet for the blind.","The remains of Voltaire and Rousseau, Hugo and Zola, assassinated Socialist leader Jean Jaurys, and Louis Braille are all interred in the crypt.",entailment,entailment,"['entailment', 'neutral']"
there's a uh a couple called um oh i'm going to forgot his name now uh Dirkson,I can't remember their name,entailment,entailment,"['entailment', 'neutral']"
"Poirot, I exclaimed, with relief, and seizing him by both hands, I dragged him into the room. ",Poirot was now back and I was sorry that he would take over what I now considered my own investigation. ,2,entailment,"['entailment', 'neutral']"
"The word aswan actually means trade or market in ancient Egyptian, signifying its most pre-eminent activity.",Aswan's meaning has not changed over time.,2,entailment,"['entailment', 'neutral']"
well what the market can bear and,THe market can't bear any of it.,2,entailment,"['entailment', 'neutral']"
"And to show just how fast Japan's new rulers were catching on, two punitive expeditions were launched against Korea and China in the grand manner of 19th-century gunboat diplomacy.",Japan's new rulers were catching on quickly.,entailment,entailment,"['entailment', 'neutral']"
"When the trust fund begins running cash deficits in 2016, the government as a whole must come up with the cash to finance Social Security's cash deficit by reducing any projected non-Social Security surpluses, borrowing from the public, raising other taxes, or reducing other government spending.",The public would generally prefer to see the government reduce its spending in other areas to finance Social Security.,neutral,entailment,"['entailment', 'neutral']"
These organizations invest the time and effort to understand their processes and how those processes contribute to or hamper mission accomplishment.,These organizations invest lots of time to understand how some processes can contribute to or haampe,entailment,entailment,"['entailment', 'neutral']"
and it is nice talking to you all righty,I talk to you every day.,neutral,entailment,"['entailment', 'neutral']"
You have access to the facts. ,The facts are accessible to you.,entailment,entailment,"['entailment', 'neutral']"
Build environment Engineering Manufacturing Production (all rate tooling) (1st set of production tooling),It is the first set of production tooling for manufacturing.,entailment,entailment,"['entailment', 'neutral']"
"As long you have your own household in order, fretting about your neighbor's spending habits is a lot like fretting about the color of his living-room rug.",You should worry about the color of your neighbor's rug. ,2,entailment,"['entailment', 'neutral']"
yeah so um also of course they they can they join the they can always join the military service they are considered citizens i believe,They can't join the military service,2,entailment,"['entailment', 'neutral']"
She smiled back.,She was so happy she couldn't stop smiling.,neutral,entailment,"['entailment', 'neutral']"
"According to the Office of the Actuary at the Health Care Financing Administration, the estimated net present value of future additional resources needed to fund HI benefits alone over the 75 years is $4.",The net present value of future additional resources for funding HI benefits was $4.,entailment,entailment,"['entailment', 'neutral']"
